id,customer_id,status,total_amount,order_date,estimated_delivery,delivered_at
ORD-1032,CUST-001,delivered,149.99,2024-05-10,2024-05-15,2024-05-17
ORD-1031,CUST-001,delivered,89.50,2024-05-05,2024-05-10,2024-05-10
ORD-1028,CUST-001,processing,199.00,2024-04-28,2024-05-03,
ORD-1027,CUST-002,cancelled,59.99,2024-04-20,,
ORD-1026,CUST-003,delivered,149.99,2024-04-18,2024-04-23,2024-04-23
ORD-1025,CUST-004,delivered,208.99,2024-04-16,2024-04-21,2024-04-20
ORD-1024,CUST-005,shipped,209.99,2024-04-14,2024-04-20,
ORD-1023,CUST-006,delivered,278.99,2024-04-10,2024-04-15,2024-04-18
ORD-1022,CUST-007,delivered,79.99,2024-04-07,2024-04-12,2024-04-12
ORD-1021,CUST-008,processing,129.00,2024-04-05,2024-04-11,
