id,order_id,product_id,quantity,unit_price
OI-1001,ORD-1032,PROD-001,1,149.99
OI-1002,ORD-1031,PROD-002,1,89.50
OI-1003,ORD-1028,PROD-003,1,199.00
OI-1004,ORD-1027,PROD-004,1,59.99
OI-1005,ORD-1026,PROD-001,1,149.99
OI-1006,ORD-1025,PROD-003,1,199.00
OI-1007,ORD-1025,PROD-005,1,9.99
OI-1008,ORD-1024,PROD-003,1,199.00
OI-1009,ORD-1024,PROD-004,1,10.99
OI-1010,ORD-1023,PROD-005,1,79.99
OI-1011,ORD-1023,PROD-002,1,89.50
OI-1012,ORD-1023,PROD-004,1,59.50
OI-1013,ORD-1022,PROD-005,1,79.99
OI-1014,ORD-1021,PROD-006,1,129.00
